train_start,train_end,test_start,test_end,n_train,n_test,up_rate_test,baseline_accuracy,model_accuracy,model_precision,model_recall,model_f1,model_roc_auc,model_log_loss,fold,model_name
2026-08-17 00:00:00-04:00,2026-08-28 00:00:00-04:00,2026-08-31 00:00:00-04:00,2026-09-01 00:00:00-04:00,516,106,0.5471698113207547,0.4528301886792453,0.46226415094339623,0.5068493150684932,0.6379310344827587,0.5648854961832062,0.41918103448275856,0.8122598124875078,0,logistic_regression
2026-08-17 00:00:00-04:00,2026-08-28 00:00:00-04:00,2026-08-31 00:00:00-04:00,2026-09-01 00:00:00-04:00,516,106,0.5471698113207547,0.4528301886792453,0.4528301886792453,0.5,0.4482758620689655,0.4727272727272727,0.4188218390804598,1.017516026339173,0,gradient_boosting
2026-08-19 00:00:00-04:00,2026-09-01 00:00:00-04:00,2026-09-02 00:00:00-04:00,2026-09-03 00:00:00-04:00,530,106,0.4716981132075472,0.5283018867924528,0.5094339622641509,0.48,0.48,0.48,0.5217857142857144,0.7054895693416117,1,logistic_regression
2026-08-19 00:00:00-04:00,2026-09-01 00:00:00-04:00,2026-09-02 00:00:00-04:00,2026-09-03 00:00:00-04:00,530,106,0.4716981132075472,0.5283018867924528,0.4811320754716981,0.4444444444444444,0.4,0.42105263157894735,0.5121428571428572,0.7525051980019297,1,gradient_boosting
2026-08-21 00:00:00-04:00,2026-09-03 00:00:00-04:00,2026-09-04 00:00:00-04:00,2026-09-08 00:00:00-04:00,530,106,0.6037735849056604,0.39622641509433965,0.5754716981132075,0.6233766233766234,0.75,0.6808510638297872,0.5543154761904762,0.6807308476885202,2,logistic_regression
2026-08-21 00:00:00-04:00,2026-09-03 00:00:00-04:00,2026-09-04 00:00:00-04:00,2026-09-08 00:00:00-04:00,530,106,0.6037735849056604,0.39622641509433965,0.5094339622641509,0.5833333333333334,0.65625,0.6176470588235294,0.5,0.7775883579133145,2,gradient_boosting
2026-08-25 00:00:00-04:00,2026-09-08 00:00:00-04:00,2026-09-09 00:00:00-04:00,2026-09-10 00:00:00-04:00,530,106,0.6226415094339622,0.6226415094339622,0.4811320754716981,0.6222222222222222,0.42424242424242425,0.5045045045045045,0.5659090909090909,0.7393143294664476,3,logistic_regression
2026-08-25 00:00:00-04:00,2026-09-08 00:00:00-04:00,2026-09-09 00:00:00-04:00,2026-09-10 00:00:00-04:00,530,106,0.6226415094339622,0.6226415094339622,0.5471698113207547,0.6323529411764706,0.6515151515151515,0.6417910447761194,0.5553030303030304,0.7795683241589346,3,gradient_boosting
2026-08-27 00:00:00-04:00,2026-09-10 00:00:00-04:00,2026-09-11 00:00:00-04:00,2026-09-14 00:00:00-04:00,530,106,0.42452830188679247,0.42452830188679247,0.5471698113207547,0.47692307692307695,0.6888888888888889,0.5636363636363636,0.6397085610200365,0.675605263284271,4,logistic_regression
2026-08-27 00:00:00-04:00,2026-09-10 00:00:00-04:00,2026-09-11 00:00:00-04:00,2026-09-14 00:00:00-04:00,530,106,0.42452830188679247,0.42452830188679247,0.4716981132075472,0.39215686274509803,0.4444444444444444,0.4166666666666667,0.4506375227686703,0.8241583201731038,4,gradient_boosting
